,doi,sentence,composition,unit,value,K,Am^2/kg,°C,kA/m,mT,emu cm^−3,emu/cm^3,emu/g,A/m,A m^2/kg,Oe,µ_B/f.u.,kOe
0,10.1016/j.jallcom.2020.158450,12,FeCrCoNi-,K,420,420,,,,,,,,,,,,
1,10.1016/j.jallcom.2020.158450,12,Al_0.5CoCrFeNi,K,215,215,,,,,,,,,,,,
2,10.1016/j.jallcom.2020.158450,23,AlCoCrFeMnNi,Am^2/kg,60,,60,,,,,,,,,,,
3,10.1016/j.jallcom.2020.158450,26,AlCoCrFeMnNi,°C,550,,,550,,,,,,,,,,
4,10.1016/j.jallcom.2020.158450,95,AlCoCrFeNi),kA/m,348,,,,348,,,,,,,,,
5,10.1016/j.jallcom.2020.158450,95,AlCoCrFeMnNi),kA/m,587,,,,587,,,,,,,,,
6,10.1016/j.jallcom.2020.158450,144,AlCoCrFeNi,kA/m,348,,,,348,,,,,,,,,
7,10.1016/j.jallcom.2020.158450,144,AlCoCrFeMnNi,kA/m,587,,,,587,,,,,,,,,
8,10.1016/j.jmmm.2011.03.003,136,Pr_58Fe_24Al_18,mT,195.6,,,,,195.6,,,,,,,,
9,10.1016/j.jmmm.2011.03.003,138,Nd_60Fe_30Al_10,mT,210.0,,,,,210.0,,,,,,,,
10,10.1016/j.jmmm.2011.03.003,138,Nd_60Fe_20Co_10Al_10,mT,210.0,,,,,210.0,,,,,,,,
11,10.1016/j.jmmm.2011.03.003,138,Pr_58Fe_24Al_18),mT,358,,,,,358,,,,,,,,
12,10.1016/j.jmmm.2011.03.003,138,Nd_60Fe_30Al_10,mT,210.0,,,,,210.0,,,,,,,,
13,10.1016/j.jmmm.2011.03.003,138,Nd_60Fe_20Co_10Al_10,mT,210.0,,,,,210.0,,,,,,,,
14,10.1016/j.jmmm.2011.03.003,140,Nd_60Fe_20Co_10Al_10,mT,300,,,,,300,,,,,,,,
15,10.1016/j.jmmm.2011.03.003,252,Nd_60Fe_30Al_10,mT,358,,,,,358,,,,,,,,
16,10.1016/j.jmmm.2011.03.003,252,Nd_60Fe_20Co_10Al_10,mT,285,,,,,285,,,,,,,,
17,10.1016/j.jmmm.2011.03.003,252,Pr_58Fe_24Al_18,mT,265,,,,,265,,,,,,,,
18,10.1016/j.jmmm.2011.03.003,253,Nd_60Fe_30Al_10,mT,437.3,,,,,437.3,,,,,,,,
19,10.1016/j.jmmm.2011.03.003,253,Nd_60Fe_30Al_10,mT,269.8,,,,,269.8,,,,,,,,
20,10.1016/j.jmmm.2011.03.003,253,Nd_60Fe_20Co_10Al_10,mT,465.2,,,,,465.2,,,,,,,,
21,10.1016/j.jmmm.2011.03.003,253,Nd_60Fe_20Co_10Al_10,mT,210.0,,,,,210.0,,,,,,,,
22,10.1016/j.jmmm.2011.03.003,253,Pr_58Fe_24Al_18,mT,363.0,,,,,363.0,,,,,,,,
23,10.1016/j.jmmm.2011.03.003,253,Pr_58Fe_24Al_18,mT,195.6,,,,,195.6,,,,,,,,
24,10.1016/S0304-8853(02)00439-0,24,ThFe_11C_x,K,10,10,,,,,,,,,,,,
25,10.1016/S0304-8853(02)00439-0,60,ThFe_11C_1.5,K,419,419,,,,,,,,,,,,
26,10.1016/j.materresbull.2018.12.005,8,TbErIG,K,14,14,,,,,,,,,,,,
27,10.1016/j.materresbull.2018.12.005,181,TbErIG,K,14,14,,,,,,,,,,,,
28,10.1016/j.materresbull.2018.12.005,197,TbErIG,emu cm^−3,4,,,,,,4,,,,,,,
29,10.1016/j.materresbull.2018.12.005,198,TbErIG,emu cm^−3,9,,,,,,9,,,,,,,
30,10.1016/j.materresbull.2018.12.005,203,['TbErIG'],emu/cm^3,155,,,,,,,155,,,,,,
31,10.1016/j.materresbull.2018.12.005,203,YIG(O_2),emu/cm^3,63,,,,,,,63,,,,,,
32,10.1016/j.materresbull.2018.12.005,203,YIG(A,emu/cm^3,45,,,,,,,45,,,,,,
33,10.1016/j.materresbull.2018.12.005,203,TbErIG,emu/cm^3,83,,,,,,,83,,,,,,
34,10.1016/j.materresbull.2018.12.005,203,TbErIG(O_2),emu/cm^3,31,,,,,,,31,,,,,,
35,10.1016/j.materresbull.2018.12.005,203,TbErIG(A,emu/cm^3,30,,,,,,,30,,,,,,
36,10.1016/j.jmmm.2018.11.025,123,C-AA-ION,emu/g,62.6,,,,,,,,62.6,,,,,
37,10.1016/j.jmmm.2018.11.025,123,A-ION,emu/g,62.6,,,,,,,,62.6,,,,,
38,10.1016/j.jmmm.2018.11.025,123,C-AA,emu/g,62.6,,,,,,,,62.6,,,,,
39,10.1016/j.jmmm.2018.11.025,123,A-ION,emu/g,62.6,,,,,,,,62.6,,,,,
40,10.1016/j.jmmm.2018.11.025,142,C-AA-ION,emu/g,62.6,,,,,,,,62.6,,,,,
41,10.1016/j.jmmm.2018.11.025,142,H-AA-ION,emu/g,65.3,,,,,,,,65.3,,,,,
42,10.1016/j.jmmm.2018.11.025,145,C-AA,emu/g,17,,,,,,,,17,,,,,
43,10.1016/j.jmmm.2018.11.025,145,A-ION,emu/g,15,,,,,,,,15,,,,,
44,10.1016/j.jmmm.2018.11.025,179,",Co-",emu/g,62.6,,,,,,,,62.6,,,,,
45,10.1016/j.jmmm.2018.11.025,179,",Co-",emu/g,62.4,,,,,,,,62.4,,,,,
46,10.1016/j.jmmm.2018.11.025,179,",Co-",emu/g,60.8,,,,,,,,60.8,,,,,
47,10.1016/j.jmmm.2018.11.025,179,[],emu/g,65.3,,,,,,,,65.3,,,,,
48,10.1016/j.jmmm.2018.11.025,179,[],emu/g,57.5,,,,,,,,57.5,,,,,
49,10.1016/j.jmmm.2018.11.025,179,[],emu/g,36,,,,,,,,36,,,,,
50,10.1016/j.jmmm.2018.11.025,179,[],emu/g,5.2,,,,,,,,5.2,,,,,
51,10.1016/j.jmmm.2018.11.025,179,[],emu/g,29.6,,,,,,,,29.6,,,,,
52,10.1016/j.jmmm.2018.11.025,179,[],emu/g,47,,,,,,,,47,,,,,
53,10.1016/j.jmmm.2018.11.025,179,[],emu/g,40,,,,,,,,40,,,,,
54,10.1016/j.jeurceramsoc.2020.12.001,20,Al_2O_3,emu/g,12,,,,,,,,12,,,,,
55,10.1016/j.jeurceramsoc.2020.12.001,20,GeO_2,emu/g,10,,,,,,,,10,,,,,
56,10.1016/j.jeurceramsoc.2020.12.001,29,MFe_2O_4,emu/g,0.83,,,,,,,,0.83,,,,,
57,10.1016/j.jeurceramsoc.2020.12.001,29,LiFe_5O_8,emu/g,8.24,,,,,,,,8.24,,,,,
58,10.1016/j.jeurceramsoc.2020.12.001,127,Fe_3O_4,emu/g,12,,,,,,,,12,,,,,
59,10.1016/j.jeurceramsoc.2020.12.001,257,Fe_3O_4,emu/g,17.328,,,,,,,,17.328,,,,,
60,10.1016/j.scriptamat.2022.114847,5,Sm-Co,K,1000,1000,,,,,,,,,,,,
61,10.1016/j.scriptamat.2022.114847,5,(SmCo_5,K,1000,1000,,,,,,,,,,,,
62,10.1016/j.scriptamat.2022.114847,5,Sm_2Co_17,K,1200,1200,,,,,,,,,,,,
63,10.1016/j.jallcom.2019.153420,86,Fe_65Nb_5Y_5+xHf_5-xB_20,K,14,14,,,,,,,,,,,,
64,10.1016/j.jallcom.2019.153420,86,Fe_65Nb_5Y_9Hf_1B_20,K,6,6,,,,,,,,,,,,
65,10.1016/j.jallcom.2019.153420,86,Fe_65Nb_5Y_10B_20-,K,8,8,,,,,,,,,,,,
66,10.1016/j.jallcom.2019.153420,130,Fe_65Nb_5Y_5Hf_5B_20,A/m,0.42,,,,,,,,,0.42,,,,
67,10.1016/j.jallcom.2019.153420,130,Fe_65Nb_5Y_6Hf_4B_20,A/m,0.44,,,,,,,,,0.44,,,,
68,10.1016/j.jallcom.2019.153420,130,Fe_65Nb_5Y_7Hf_3B_20,A/m,0.47,,,,,,,,,0.47,,,,
69,10.1016/j.jallcom.2019.153420,130,Fe_65Nb_5Y_8Hf_2B_20,A/m,0.49,,,,,,,,,0.49,,,,
70,10.1016/j.jallcom.2019.153420,130,Fe_65Nb_5Y_9Hf_1B_20,A/m,0.51,,,,,,,,,0.51,,,,
71,10.1016/j.jallcom.2019.153420,130,Fe_65Nb_5Y_10B_20,A/m,0.60,,,,,,,,,0.60,,,,
72,10.1016/j.nanoso.2022.100862,132,CoFe_2O_4,emu/g,33.49,,,,,,,,33.49,,,,,
73,10.1016/j.nanoso.2022.100862,133,Fe_2O,emu/g,6,,,,,,,,6,,,,,
74,10.1016/j.ceramint.2020.08.165,130,Fe_3O_4,A m^2/kg,206,,,,,,,,,,206,,,
75,10.1016/j.ceramint.2020.08.165,130,Fe_3O_4,A m^2/kg,206,,,,,,,,,,206,,,
76,10.1016/j.ceramint.2020.08.165,131,Fe_3O_4,A m^2/kg,200,,,,,,,,,,200,,,
77,10.1016/j.ceramint.2020.08.165,148,α-Fe,°C,9,,,9,,,,,,,,,,
78,10.1016/j.ceramint.2020.08.165,156,Fe_3O_4,°C,500,,,500,,,,,,,,,,
79,10.1016/j.ceramint.2020.08.165,273,Fe_3O_4,A m^2/kg,18,,,,,,,,,,18,,,
80,10.1016/j.jallcom.2022.166174,228,FeCoNi_1+xCu_1-xAl,emu/g,79,,,,,,,,79,,,,,
81,10.1016/j.jallcom.2022.166174,228,FeCoNi_1+xCu_1-xAl,emu/g,82,,,,,,,,82,,,,,
82,10.1016/j.jallcom.2022.166174,228,FeCoNiMn_xAl_1-x,emu/g,83.4,,,,,,,,83.4,,,,,
83,10.1016/j.jallcom.2022.166174,228,FeCoNiMn_xAl_1-x,emu/g,95,,,,,,,,95,,,,,
84,10.1016/j.jallcom.2022.166174,228,FeCoNi(CuAl)_0.8Sn_x,emu/g,78.6,,,,,,,,78.6,,,,,
85,10.1016/j.jallcom.2022.166174,228,FeCoNi(CuAl)_0.8Sn_x,emu/g,88.8,,,,,,,,88.8,,,,,
86,10.1016/j.jallcom.2022.166174,228,FeCoNi(CuAl)_0.8Ga_x,emu/g,78.6,,,,,,,,78.6,,,,,
87,10.1016/j.jallcom.2022.166174,228,FeCoNi(CuAl)_0.8Ga_x,emu/g,82.8,,,,,,,,82.8,,,,,
88,10.1016/j.jallcom.2022.166174,228,FeCoNi(MnSi)_x,emu/g,59.4,,,,,,,,59.4,,,,,
89,10.1016/j.jallcom.2022.166174,228,FeCoNi(MnSi)_x,emu/g,137.7,,,,,,,,137.7,,,,,
90,10.1016/j.jallcom.2022.166174,228,FeCoNi(MnAl)_x,emu/g,51.9,,,,,,,,51.9,,,,,
91,10.1016/j.jallcom.2022.166174,228,FeCoNi(MnAl)_x,emu/g,155.7,,,,,,,,155.7,,,,,
92,10.1016/j.jallcom.2022.166174,228,FeCoNiSi_0.25Al_x,emu/g,94.1,,,,,,,,94.1,,,,,
93,10.1016/j.jallcom.2022.166174,228,FeCoNiSi_0.25Al_x,emu/g,114.1,,,,,,,,114.1,,,,,
94,10.1016/j.jallcom.2022.166174,228,FeCoNi(AlMn)_0.5,emu/g,54.23,,,,,,,,54.23,,,,,
95,10.1016/j.jallcom.2022.166174,228,FeCoNiAlCr,emu/g,70,,,,,,,,70,,,,,
96,10.1016/j.jallcom.2022.166174,228,FeCoNiCuMn,emu/g,84,,,,,,,,84,,,,,
97,10.1016/j.jallcom.2009.03.189,72,(Fe_50Co_50)_62Nb_8B_30,Am^2/kg,15.24,,15.24,,,,,,,,,,,
98,10.1016/j.jmmm.2019.166151,2,FeCoNiCuZn,emu/g,65.92,,,,,,,,65.92,,,,,
99,10.1016/j.jmmm.2019.166151,14,FeCoNiMnV,emu/g,100,,,,,,,,100,,,,,
100,10.1016/j.jmmm.2019.166151,39,(PPM,Oe,24,,,,,,,,,,,24,,
101,10.1016/j.jmmm.2019.01.073,159,Fe_61Co_10Y_8W_1B_20,A/m,1.11,,,,,,,,,1.11,,,,
102,10.1016/j.jmmm.2019.01.073,159,['Fe_61+xCo_10−XY_8W_1B_20'],A/m,61,,,,,,,,,61,,,,
103,10.1016/j.jmmm.2019.01.073,159,Fe_62Co_9Y_8W_1B_20,A/m,1.09,,,,,,,,,1.09,,,,
104,10.1016/j.jmmm.2019.01.073,159,['Fe_61+xCo_10−XY_8W_1B_20'],A/m,159,,,,,,,,,159,,,,
105,10.1016/j.jmmm.2019.01.073,159,Fe_63Co_8Y_8W_1B_20,A/m,1.10,,,,,,,,,1.10,,,,
106,10.1016/j.jmmm.2019.01.073,159,['Fe_61+xCo_10−XY_8W_1B_20'],A/m,223,,,,,,,,,223,,,,
107,10.1016/j.jmmm.2006.11.216,3,HoFe_11−_xCo_xTi,K,513,513,,,,,,,,,,,,
108,10.1016/j.jmmm.2006.11.216,3,HoFe_11Ti,K,513,513,,,,,,,,,,,,
109,10.1016/j.jmmm.2006.11.216,3,HoCo_11Ti,K,983,983,,,,,,,,,,,,
110,10.1016/j.jmmm.2019.02.084,5,Co_2CrAl,K,910,910,,,,,,,,,,,,
111,10.1016/j.jmmm.2019.02.084,5,Co_2CrAl,K,910,910,,,,,,,,,,,,
112,10.1016/j.jmmm.2019.02.084,5,Co_2CrAl,µ_B/f.u.,3.02,,,,,,,,,,,,3.02,
113,10.1016/j.jmmm.2019.02.084,5,Co_2CrAl,µ_B/f.u.,3.02,,,,,,,,,,,,3.02,
114,10.1016/j.apt.2016.01.027,189,Fe_75Si_15B_5Ti_5,Am^2/kg,133,,133,,,,,,,,,,,
115,10.1016/j.apt.2016.01.027,215,Fe_2B,°C,730,,,730,,,,,,,,,,
116,10.1016/j.apt.2016.01.027,215,Fe_3Si,°C,626,,,626,,,,,,,,,,
117,10.1016/j.apt.2016.01.027,226,Fe_3Si,°C,580,,,580,,,,,,,,,,
118,10.1016/j.apt.2016.01.027,237,Fe_2B_0.7C_0.3,°C,425,,,425,,,,,,,,,,
119,10.1016/j.apt.2016.01.027,252,Fe_3Si,°C,1,,,1,,,,,,,,,,
120,10.1016/j.apt.2016.01.027,255,Fe_2B,°C,653,,,653,,,,,,,,,,
121,10.1016/j.apt.2016.01.027,255,Fe_3Si,°C,556,,,556,,,,,,,,,,
122,10.1016/j.jcrysgro.2010.11.031,4,Ni_2MnIn,K,170,170,,,,,,,,,,,,
123,10.1016/j.jcrysgro.2010.11.031,15,Ni_2MnIn,K,314–320,314–320,,,,,,,,,,,,
124,10.1016/j.jcrysgro.2010.11.031,16,Ni_2MnIn,K,170,170,,,,,,,,,,,,
125,10.1016/j.jcrysgro.2010.11.031,85,Ni_2MnIn,K,170,170,,,,,,,,,,,,
126,10.1016/j.jcrysgro.2010.11.031,110,Ni_2MnIn,K,300,300,,,,,,,,,,,,
127,10.1016/j.addma.2022.102620,9,"La(Fe,Si)_13",K,195,195,,,,,,,,,,,,
128,10.1016/j.addma.2022.102620,213,FM-PM,K,6,6,,,,,,,,,,,,
129,10.1016/j.addma.2022.102620,221,NaZn_13,K,210,210,,,,,,,,,,,,
130,10.1016/j.addma.2022.102620,245,"La(Fe,Si)_13",K,12,12,,,,,,,,,,,,
131,10.1016/j.addma.2022.102620,245,"La(Fe,Si)_13",K,12,12,,,,,,,,,,,,
132,10.1016/j.jallcom.2021.161758,95,(CFO_90),emu/cm^3,290,,,,,,,290,,,,,,
133,10.1016/j.jallcom.2021.161758,98,CFO_30,emu/cm^3,400,,,,,,,400,,,,,,
134,10.1016/j.jallcom.2021.161758,174,CFO_90,emu/cm^3,90,,,,,,,90,,,,,,
135,10.1016/j.jallcom.2021.161758,174,CFO_90,emu/cm^3,290,,,,,,,290,,,,,,
136,10.1016/j.jallcom.2021.161758,174,[],emu/cm^3,75,,,,,,,75,,,,,,
137,10.1016/j.jallcom.2021.161758,174,CFO_30,emu/cm^3,30,,,,,,,30,,,,,,
138,10.1016/j.jallcom.2021.161758,174,CFO_30,emu/cm^3,300,,,,,,,300,,,,,,
139,10.1016/j.jallcom.2021.161758,174,[],emu/cm^3,135,,,,,,,135,,,,,,
140,10.1016/j.ultramic.2010.12.001,94,CoCrFeNiCuAl,emu/g,16,,,,,,,,16,,,,,
141,10.1016/j.jmmm.2008.03.003,40,CoMnGe,K,10,10,,,,,,,,,,,,
142,10.1016/j.jnoncrysol.2013.08.009,90,Gd_55Co_20Fe_5Al_20−xSi_x,emu/g,4,,,,,,,,4,,,,,
143,10.1016/j.jnoncrysol.2017.05.037,3,(Fe_0.402Co_0.201Ni_0.067B_0.227Si_0.053Nb_0.05)_100−xCu_x,K,5,5,,,,,,,,,,,,
144,10.1016/j.compositesb.2022.110182,21,Al_0.1(Fe_1.6CoCr_0.4Mn)_0.9,emu/g,135,,,,,,,,135,,,,,
145,10.1016/j.compositesb.2022.110182,21,FeCoNiSi_0.4Al_0.4,emu/g,113.1,,,,,,,,113.1,,,,,
146,10.1016/j.compositesb.2022.110182,127,Fe_44Co_44Zr_7B_4Cu_1,K,14,14,,,,,,,,,,,,
147,10.1016/j.compositesb.2022.110182,127,Fe_44Co_44Zr_7B_4Cu_1,emu/g,1.23,,,,,,,,1.23,,,,,
148,10.1016/j.jmmm.2015.04.097,123,Mn_55Ga_45,°C,337,,,337,,,,,,,,,,
149,10.1016/j.jmmm.2015.04.097,201,Mn_55Ga_45,°C,337±25,,,337±25,,,,,,,,,,
150,10.1016/j.matchemphys.2016.08.005,131,α-Fe(Si),°C,565,,,565,,,,,,,,,,
151,10.1016/j.matchemphys.2016.08.005,134,Fe_3Si,°C,575,,,575,,,,,,,,,,
152,10.1016/j.intermet.2022.107581,102,CoCr_0.75FeNiPd_0.2,K,300,300,,,,,,,,,,,,
153,10.1016/j.intermet.2022.107581,102,CoCr_0.9FeNiPd_0.4,K,300,300,,,,,,,,,,,,
154,10.1016/j.intermet.2022.107581,102,CoCr_1.05FeNiPd_0.6,K,300,300,,,,,,,,,,,,
155,10.1016/j.intermet.2022.107581,135,CoCr_0.9FeNi,K,7,7,,,,,,,,,,,,
156,10.1016/j.intermet.2022.107581,163,CoCrFeNi,K,100–1000,100–1000,,,,,,,,,,,,
157,10.1016/j.matchemphys.2021.124907,62,FeCoNi,emu/g,163,,,,,,,,163,,,,,
158,10.1016/j.matchemphys.2021.124907,69,Fe_30Co_30Ni_30Cr_10-xMn_x,K,7,7,,,,,,,,,,,,
159,10.1016/j.matchemphys.2021.124907,103,Fe_30Co_30Ni_30Cr_10-xMn_x,K,420,420,,,,,,,,,,,,
160,10.1016/j.matchemphys.2021.124907,103,FeCoNi,K,470,470,,,,,,,,,,,,
161,10.1016/j.matchemphys.2021.124907,118,FeCoNi,K,9,9,,,,,,,,,,,,
162,10.1016/j.matchemphys.2021.124907,118,Fe_30Co_30Ni_30Cr_10-xMn_xH,K,2,2,,,,,,,,,,,,
163,10.1016/j.matchemphys.2021.124907,130,FeCoNi,K,18,18,,,,,,,,,,,,
164,10.1016/j.matchemphys.2021.124907,130,FeCoNi,emu/g,4,,,,,,,,4,,,,,
165,10.1016/j.matchemphys.2021.124907,138,Fe_30Co_30Ni_30Cr_5Mn_5,K,50,50,,,,,,,,,,,,
166,10.1016/j.matchemphys.2021.124907,138,Fe_30Co_30Ni_30Cr_10-xMn_x,K,50,50,,,,,,,,,,,,
167,10.1016/j.matchemphys.2021.124907,143,FeCoNi,emu/g,158,,,,,,,,158,,,,,
168,10.1016/j.matchemphys.2021.124907,143,Fe_30Co_30Ni_30Cr_10,emu/g,89,,,,,,,,89,,,,,
169,10.1016/j.matchemphys.2021.124907,157,FeCoNi,K,18,18,,,,,,,,,,,,
170,10.1016/j.matchemphys.2021.124907,157,FeCoNi,emu/g,4,,,,,,,,4,,,,,
171,10.1016/j.isci.2022.104047,32,AlCoFeNi,Am^2/kg,6,,6,,,,,,,,,,,
172,10.1016/j.isci.2022.104047,33,AlCo_0.5Cr_0.5FeNi,Am^2/kg,4,,4,,,,,,,,,,,
173,10.1016/j.jallcom.2021.163428,6,FeCoNiMn_0.2Al_0.8,emu/g,95.0,,,,,,,,95.0,,,,,
174,10.1016/j.jallcom.2021.163428,113,FeCoNiMn_xAl_1−xH,Oe,15000,,,,,,,,,,,15000,,
175,10.1016/j.jallcom.2021.163428,158,FeCoNiMn_0.2Al_0.8,emu/g,95.0,,,,,,,,95.0,,,,,
176,10.1016/j.jmmm.2019.165333,19,FeCoNi,emu/g,2,,,,,,,,2,,,,,
177,10.1016/j.jmmm.2019.165333,19,FeCoNi(AlSi)_x,emu/g,2,,,,,,,,2,,,,,
178,10.1016/j.jmmm.2019.165333,19,CoCrFeCuNi,emu/g,2,,,,,,,,2,,,,,
179,10.1016/j.jmmm.2019.165333,19,CoCrFeNiCuAl,emu/g,2,,,,,,,,2,,,,,
180,10.1016/j.jmmm.2019.165333,19,CoFeMnNi,emu/g,2,,,,,,,,2,,,,,
181,10.1016/j.jmmm.2019.165333,19,CoFeNiMnCr,emu/g,2,,,,,,,,2,,,,,
182,10.1016/j.jmmm.2019.165333,132,CoCrCuFeNiTi_x,emu/g,1.5,,,,,,,,1.5,,,,,
183,10.1016/j.jmmm.2019.165333,135,CoCrFeCuNi,emu/g,53.41,,,,,,,,53.41,,,,,
184,10.1016/j.jmmm.2019.165333,135,CrMnFeCoNi,emu/g,1.34,,,,,,,,1.34,,,,,
185,10.1016/j.jmmm.2019.165333,159,CrMnFeCoNi,K,20,20,,,,,,,,,,,,
186,10.1016/j.jallcom.2006.08.011,87,Fe_3Si,K,802,802,,,,,,,,,,,,
187,10.1016/j.jmmm.2019.165466,4,H_CI,kA/m,11,,,,11,,,,,,,,,
188,10.1016/j.jmmm.2019.165466,6,H_CI,kA/m,4.09,,,,4.09,,,,,,,,,
189,10.1016/j.jmmm.2019.165466,6,H_CI,kA/m,140.7,,,,140.7,,,,,,,,,
190,10.1016/j.jmmm.2019.165466,8,H_CI,Am^2/kg,2,,2,,,,,,,,,,,
191,10.1016/j.jmmm.2019.165466,115,H_CI,Am^2/kg,13,,13,,,,,,,,,,,
192,10.1016/j.jmmm.2019.165466,117,Ni_40Fe_30Co_30,Am^2/kg,2,,2,,,,,,,,,,,
193,10.1016/j.jmmm.2019.165466,160,Ni_40Fe_30Co_30,Am^2/kg,5,,5,,,,,,,,,,,
194,10.1016/j.jmmm.2019.165466,165,Ni_40Fe_30Co_30,Am^2/kg,149.6,,149.6,,,,,,,,,,,
195,10.1016/j.jmmm.2019.165466,165,NiFeCo,Am^2/kg,149.6,,149.6,,,,,,,,,,,
196,10.1016/j.jmmm.2019.165466,311,H_CI,kA/m,13,,,,13,,,,,,,,,
197,10.1016/j.jmmm.2019.165466,322,H_CI,Am^2/kg,2,,2,,,,,,,,,,,
198,10.1016/j.jmmm.2019.165466,333,Ni_40Fe_30Co_30,kA/m,131,,,,131,,,,,,,,,
199,10.1016/j.jmmm.2019.165466,333,Ni_40Fe_30Co_30,kA/m,3,,,,3,,,,,,,,,
200,10.1016/j.jmmm.2019.165466,333,Ni_40Fe_30Co_30,kA/m,140,,,,140,,,,,,,,,
201,10.1016/j.jmmm.2019.165466,333,Ni_40Fe_30Co_30,kA/m,2,,,,2,,,,,,,,,
202,10.1016/j.jmmm.2019.165466,333,Ni_40Fe_30Co_30,kA/m,140.7,,,,140.7,,,,,,,,,
203,10.1016/j.jmmm.2019.165466,333,Ni_40Fe_30Co_30,kA/m,149.6,,,,149.6,,,,,,,,,
204,10.1016/j.jmmm.2019.165466,333,H_CI,kA/m,4.1,,,,4.1,,,,,,,,,
205,10.1016/j.jmmm.2019.165466,333,H_CI,kA/m,3.7,,,,3.7,,,,,,,,,
206,10.1016/j.jmmm.2019.165466,333,Ni_40Fe_30Co_30,kA/m,145,,,,145,,,,,,,,,
207,10.1016/j.jmmm.2019.165466,333,Ni_40Fe_30Co_30,kA/m,154,,,,154,,,,,,,,,
208,10.1016/j.jmmm.2019.165466,333,H_CI,kA/m,1.6,,,,1.6,,,,,,,,,
209,10.1016/j.jmmm.2019.165466,333,H_CI,kA/m,1.0,,,,1.0,,,,,,,,,
210,10.1016/j.matchemphys.2021.124455,40,M(H),K,2–3,2–3,,,,,,,,,,,,
211,10.1016/j.matchemphys.2021.124455,72,GdNi,K,66,66,,,,,,,,,,,,
212,10.1016/j.matchemphys.2021.124455,72,GdNi,K,66,66,,,,,,,,,,,,
213,10.1016/j.matchemphys.2021.124455,72,Gd_0.9Dy_0.1Ni,K,66,66,,,,,,,,,,,,
214,10.1016/j.matchemphys.2021.124455,73,Gd_0.9Dy_0.1NiH_3,K,8,8,,,,,,,,,,,,
215,10.1016/j.matchemphys.2021.124455,129,Gd_0.9Dy_0.1NiH_3,K,66,66,,,,,,,,,,,,
216,10.1016/j.matchemphys.2021.124455,129,Gd_0.9Dy_0.1Ni,K,8,8,,,,,,,,,,,,
217,10.1016/j.matchemphys.2021.124455,130,Gd_0.1Dy_0.9NiH_3,K,7,7,,,,,,,,,,,,
218,10.1016/j.matchemphys.2021.124455,130,Gd_0.1Dy_0.9Ni,K,7,7,,,,,,,,,,,,
219,10.1016/j.jmmm.2016.06.034,11,CaCu_5-,K,5,5,,,,,,,,,,,,
220,10.1016/j.jmmm.2016.06.034,11,SmNi_5,K,5,5,,,,,,,,,,,,
221,10.1016/j.jmmm.2016.06.034,11,SmNi_4Si,K,5,5,,,,,,,,,,,,
222,10.1016/j.jmmm.2016.06.034,11,YNi_4B-,K,5,5,,,,,,,,,,,,
223,10.1016/j.jmmm.2016.06.034,11,SmNi_4B,K,5,5,,,,,,,,,,,,
224,10.1016/j.jmmm.2016.06.034,66,SmNi_4B,kOe,-1,,,,,,,,,,,,,-1
225,10.1016/j.jmmm.2016.06.034,83,SmNi_4B,kOe,90,,,,,,,,,,,,,90
226,10.1016/j.jmmm.2016.06.034,83,SmNi_3MnB,kOe,90,,,,,,,,,,,,,90
227,10.1016/j.jmmm.2016.06.034,83,SmNi_3FeB,kOe,90,,,,,,,,,,,,,90
228,10.1016/j.jmmm.2016.06.034,87,SmNi_3CoB,kOe,10,,,,,,,,,,,,,10
229,10.1016/j.jmmm.2016.06.034,91,SmNi_3CoB,kOe,90,,,,,,,,,,,,,90
230,10.1016/j.jmmm.2016.06.034,91,SmNi_3CoB,kOe,90,,,,,,,,,,,,,90
231,10.1016/j.jmmm.2016.06.034,92,SmNi_3CuB,kOe,0,,,,,,,,,,,,,0
232,10.1016/S0925-8388(99)00565-4,65,α-FeSi,°C,590,,,590,,,,,,,,,,
233,10.1016/S0925-8388(99)00565-4,93,α-FeSi,°C,550,,,550,,,,,,,,,,
234,10.1016/j.jmmm.2017.06.010,17,Fe_3Si,°C,527,,,527,,,,,,,,,,
235,10.1016/j.jmmm.2017.06.010,116,Fe-Si,°C,7,,,7,,,,,,,,,,
236,10.1016/j.actamat.2017.02.011,60,Mn_55Ga_45,°C,298,,,298,,,,,,,,,,
237,10.1016/j.actamat.2017.02.011,60,Mn_55Al_45,°C,340,,,340,,,,,,,,,,
238,10.1016/j.actamat.2017.02.011,61,Mn-Al,°C,356,,,356,,,,,,,,,,
239,10.1016/j.matpr.2021.11.091,109,Fe_75Ga_25,Oe,51,,,,,,,,,,,51,,
240,10.1016/j.matpr.2021.11.091,109,Fe_80-Ga_20,Oe,80,,,,,,,,,,,80,,
241,10.1016/j.jre.2022.06.005,20,CoFeMnNiAl,A m^2/kg,147.86,,,,,,,,,,147.86,,,
242,10.1016/j.jre.2022.06.005,25,Fe_27Co_27Ni_27Si_9.4B_9La_0.6,A/m,7.1,,,,,,,,,7.1,,,,
243,10.1016/j.jre.2022.06.005,32,Fe_67,A/m,4.26,,,,,,,,,4.26,,,,
244,10.1016/j.jre.2022.06.005,32,Co_7Zr_6Nd_xB_20,A/m,4.26,,,,,,,,,4.26,,,,
245,10.1016/j.jre.2022.06.005,145,"['FeCoNi(CuAl)_0.8', '(RE-', 'FeCoNi(CuAl)_0.8RE_0.05']",A/m,78.6,,,,,,,,,78.6,,,,
246,10.1016/j.jre.2022.06.005,145,"['FeCoNi(CuAl)_0.8', '(RE-', 'FeCoNi(CuAl)_0.8RE_0.05']",A/m,81.3,,,,,,,,,81.3,,,,
247,10.1016/j.jre.2022.06.005,145,"['FeCoNi(CuAl)_0.8', '(RE-', 'FeCoNi(CuAl)_0.8RE_0.05']",A/m,81.7,,,,,,,,,81.7,,,,
248,10.1016/j.mtcomm.2021.102986,220,Al_10,emu/g,2,,,,,,,,2,,,,,
249,10.1016/j.mtcomm.2021.102986,220,Al_5,emu/g,2,,,,,,,,2,,,,,
250,10.1016/j.mtcomm.2021.102986,224,NiFe,emu/g,2,,,,,,,,2,,,,,
251,10.1016/j.mtcomm.2021.102986,299,Al_10,emu/g,83.90,,,,,,,,83.90,,,,,
252,10.1016/j.mtcomm.2021.102986,299,Al_5,emu/g,94.96,,,,,,,,94.96,,,,,
253,10.1016/j.mtcomm.2021.102986,301,NiFe,emu/g,95.33,,,,,,,,95.33,,,,,
254,10.1016/j.jallcom.2017.04.263,24,Ni_3Fe,°C,575,,,575,,,,,,,,,,
255,10.1016/j.jallcom.2020.154826,163,AlCoCrFeNi,emu/g,5,,,,,,,,5,,,,,
256,10.1016/j.jallcom.2020.154826,166,CoCrFeCuNi,emu/g,1.342,,,,,,,,1.342,,,,,
257,10.1016/j.jallcom.2020.154826,166,CoCrFeMnNi,emu/g,1.342,,,,,,,,1.342,,,,,
258,10.1016/j.jallcom.2020.154826,191,FeCrCoNiAl_0.5,K,420,420,,,,,,,,,,,,
259,10.1016/j.jallcom.2020.154826,191,(BCC),K,215,215,,,,,,,,,,,,
260,10.1016/j.jallcom.2020.154826,218,['AlCoCrFeNi'],emu/g,47.77,,,,,,,,47.77,,,,,
261,10.1016/j.jallcom.2020.154826,218,['AlCoCrFeNi'],emu/g,70.05,,,,,,,,70.05,,,,,
262,10.1016/j.jallcom.2022.165960,107,FeCoNiCuTi,emu/g,2,,,,,,,,2,,,,,
263,10.1016/j.jallcom.2022.165960,107,FeCoNiCuTi,emu/g,2,,,,,,,,2,,,,,
264,10.1016/j.jallcom.2022.165960,188,FeCoNiCuTi,emu/g,67.67,,,,,,,,67.67,,,,,
265,10.1016/j.jallcom.2022.165960,188,FeCoNiCuTi,emu/g,67.67,,,,,,,,67.67,,,,,
266,10.1016/j.jallcom.2013.06.134,3,Mn_0.9Ti_0.1CoGe,K,-1,-1,,,,,,,,,,,,
267,10.1016/j.jallcom.2013.06.134,12,TiNiSi-,K,345,345,,,,,,,,,,,,
268,10.1016/j.jallcom.2013.06.134,12,MnCoGe,K,345,345,,,,,,,,,,,,
269,10.1016/j.jallcom.2013.06.134,12,Ni_2In-,K,345,345,,,,,,,,,,,,
270,10.1016/j.jallcom.2013.06.134,29,Mn_0.9Ti_0.1CoGe,K,178,178,,,,,,,,,,,,
271,10.1016/j.jallcom.2013.06.134,29,Mn_0.94Ti_0.06CoGe,K,280,280,,,,,,,,,,,,
272,10.1016/j.jallcom.2013.06.134,33,Mn_0.9Ti_0.1CoGe,K,8,8,,,,,,,,,,,,
273,10.1016/j.jallcom.2013.06.134,42,Mn_0.9Ti_0.1CoGe,K,280,280,,,,,,,,,,,,
274,10.1016/j.jallcom.2013.06.134,49,Mn_0.9Ti_0.1CoGe,K,5,5,,,,,,,,,,,,
275,10.1016/j.jallcom.2013.06.134,51,Ni_2In-,K,280,280,,,,,,,,,,,,
276,10.1016/j.jallcom.2013.06.134,91,MnCoGe,K,645,645,,,,,,,,,,,,
277,10.1016/j.jallcom.2013.06.134,91,MnCoGe,K,645,645,,,,,,,,,,,,
278,10.1016/j.jallcom.2013.06.134,91,Mn_0.9Ti_0.1CoGe),K,178,178,,,,,,,,,,,,
279,10.1016/j.jallcom.2013.06.134,91,MnCoGe,K,645,645,,,,,,,,,,,,
280,10.1016/j.jallcom.2013.06.134,91,Mn_0.9Ti_0.1CoGe),K,178,178,,,,,,,,,,,,
281,10.1016/j.intermet.2017.11.007,52,Gd_55Co_20-xAl_24Si_1Fe_x,emu/g,2,,,,,,,,2,,,,,
282,10.1016/j.mseb.2013.05.008,11,Fe–Co,°C,900,,,900,,,,,,,,,,
283,10.1016/j.mseb.2013.05.008,106,Fe_65Co_35,Am^2/kg,4,,4,,,,,,,,,,,
284,10.1016/j.jmmm.2020.166630,124,Co_23B_6,°C,3,,,3,,,,,,,,,,
285,10.1016/j.jmmm.2020.166630,129,Co_23B_6,°C,6,,,6,,,,,,,,,,
286,10.1016/j.jallcom.2017.04.263,24,Ni_3Fe,°C,575,,,575,,,,,,,,,,
287,10.1016/j.addma.2022.102620,9,"La(Fe,Si)_13",K,195,195,,,,,,,,,,,,
288,10.1016/j.addma.2022.102620,213,FM-PM,K,6,6,,,,,,,,,,,,
289,10.1016/j.addma.2022.102620,221,NaZn_13,K,210,210,,,,,,,,,,,,
290,10.1016/j.addma.2022.102620,245,"La(Fe,Si)_13",K,12,12,,,,,,,,,,,,
291,10.1016/j.addma.2022.102620,245,"La(Fe,Si)_13",K,12,12,,,,,,,,,,,,
292,10.1016/j.matchemphys.2021.124455,40,M(H),K,2–3,2–3,,,,,,,,,,,,
293,10.1016/j.matchemphys.2021.124455,72,GdNi,K,66,66,,,,,,,,,,,,
294,10.1016/j.matchemphys.2021.124455,72,GdNi,K,66,66,,,,,,,,,,,,
295,10.1016/j.matchemphys.2021.124455,72,Gd_0.9Dy_0.1Ni,K,66,66,,,,,,,,,,,,
296,10.1016/j.matchemphys.2021.124455,73,Gd_0.9Dy_0.1NiH_3,K,8,8,,,,,,,,,,,,
297,10.1016/j.matchemphys.2021.124455,129,Gd_0.9Dy_0.1NiH_3,K,66,66,,,,,,,,,,,,
298,10.1016/j.matchemphys.2021.124455,129,Gd_0.9Dy_0.1Ni,K,8,8,,,,,,,,,,,,
299,10.1016/j.matchemphys.2021.124455,130,Gd_0.1Dy_0.9NiH_3,K,7,7,,,,,,,,,,,,
300,10.1016/j.matchemphys.2021.124455,130,Gd_0.1Dy_0.9Ni,K,7,7,,,,,,,,,,,,
301,10.1016/j.msea.2019.02.082,9,(BH)_,kOe,2,,,,,,,,,,,,,2
302,10.1016/j.jallcom.2015.12.111,13,AlFe_2B_2,K,11,11,,,,,,,,,,,,
303,10.1016/j.jallcom.2015.12.111,80,AlFe_2B_2,K,295,295,,,,,,,,,,,,
304,10.1016/j.jmmm.2016.01.045,165,(PM–FM),K,177,177,,,,,,,,,,,,
305,10.1016/j.jmmm.2004.02.027,93,Co_72Cr_8Si_6B_14,K,483,483,,,,,,,,,,,,
306,10.1016/j.pmatsci.2020.100688,355,Fe_xCo_100-x,°C,988,,,988,,,,,,,,,,
307,10.1016/j.pmatsci.2020.100688,355,Fe_60Co_40,°C,988,,,988,,,,,,,,,,
308,10.1016/j.pmatsci.2020.100688,355,Fe_xNi_100-x,°C,988,,,988,,,,,,,,,,
309,10.1016/j.pmatsci.2020.100688,355,Fe_55Ni_45,°C,988,,,988,,,,,,,,,,
310,10.1016/j.pmatsci.2020.100688,603,",FeNi_3",Am^2/kg,99,,99,,,,,,,,,,,
311,10.1016/j.pmatsci.2020.100688,603,",FeNi_3",Am^2/kg,98,,98,,,,,,,,,,,
312,10.1016/j.pmatsci.2020.100688,603,",FeNi_3",Am^2/kg,96,,96,,,,,,,,,,,
313,10.1016/j.pmatsci.2020.100688,603,",Fe_70Ni_30 + Ni",Am^2/kg,95,,95,,,,,,,,,,,
314,10.1016/j.pmatsci.2020.100688,603,['Fe-Ni'],Am^2/kg,120,,120,,,,,,,,,,,
315,10.1016/j.pmatsci.2020.100688,603,['Fe-Ni'],Am^2/kg,165,,165,,,,,,,,,,,
316,10.1016/j.pmatsci.2020.100688,603,",FCC",Am^2/kg,125,,125,,,,,,,,,,,
317,10.1016/j.pmatsci.2020.100688,603,['Fe-Ni'],Am^2/kg,152,,152,,,,,,,,,,,
318,10.1016/j.pmatsci.2020.100688,603,['Fe-Ni'],Am^2/kg,95,,95,,,,,,,,,,,
319,10.1016/j.pmatsci.2020.100688,603,['Fe-Ni'],Am^2/kg,99,,99,,,,,,,,,,,
320,10.1016/j.pmatsci.2020.100688,603,",FCC",Am^2/kg,105,,105,,,,,,,,,,,
321,10.1016/j.pmatsci.2020.100688,603,['Fe-Ni'],Am^2/kg,114,,114,,,,,,,,,,,
322,10.1016/j.pmatsci.2020.100688,603,['Fe-Ni'],Am^2/kg,103,,103,,,,,,,,,,,
323,10.1016/j.pmatsci.2020.100688,603,",FCC + BCC",Am^2/kg,96,,96,,,,,,,,,,,
324,10.1016/j.pmatsci.2020.100688,603,",FCC",Am^2/kg,72,,72,,,,,,,,,,,
325,10.1016/j.pmatsci.2020.100688,603,",FCC",Am^2/kg,82,,82,,,,,,,,,,,
326,10.1016/j.pmatsci.2020.100688,603,",FCC",Am^2/kg,78,,78,,,,,,,,,,,
327,10.1016/j.pmatsci.2020.100688,603,",FeNi_3",Am^2/kg,97,,97,,,,,,,,,,,
328,10.1016/j.pmatsci.2020.100688,603,",FeNi_3",Am^2/kg,94.8,,94.8,,,,,,,,,,,
329,10.1016/j.pmatsci.2020.100688,604,"['Fe-Si', 'Fe-Co', 'Fe-Ni']",Am^2/kg,91.8,,91.8,,,,,,,,,,,
330,10.1016/j.pmatsci.2020.100688,604,"['Fe-Si', 'Fe-Co', 'Fe-Ni']",Am^2/kg,91.3,,91.3,,,,,,,,,,,
331,10.1016/j.pmatsci.2020.100688,604,"['Fe-Si', 'Fe-Co', 'Fe-Ni']",Am^2/kg,86.4,,86.4,,,,,,,,,,,
332,10.1016/j.pmatsci.2020.100688,604,Fe_74.4Si_3.8B_17Nb_3.5Cu_1.3,Am^2/kg,150,,150,,,,,,,,,,,
333,10.1016/j.pmatsci.2020.100688,604,Fe_68.9Si_18B_10Nb_2Cu_1.1,Am^2/kg,143,,143,,,,,,,,,,,
334,10.1016/j.pmatsci.2020.100688,604,Fe_64.3Si_24B_8Nb_2.7Cu_1,Am^2/kg,118,,118,,,,,,,,,,,
335,10.1016/j.pmatsci.2020.100688,604,"['Fe-Si', 'Fe-Co', 'Fe-Ni']",Am^2/kg,143,,143,,,,,,,,,,,
336,10.1016/j.pmatsci.2020.100688,604,"['Fe-Si', 'Fe-Co', 'Fe-Ni']",Am^2/kg,151,,151,,,,,,,,,,,
337,10.1016/j.pmatsci.2020.100688,604,"['Fe-Si', 'Fe-Co', 'Fe-Ni']",Am^2/kg,140,,140,,,,,,,,,,,
338,10.1016/j.pmatsci.2020.100688,604,"['Fe-Si', 'Fe-Co', 'Fe-Ni']",Am^2/kg,146,,146,,,,,,,,,,,
339,10.1016/j.pmatsci.2020.100688,604,"['Fe-Si', 'Fe-Co', 'Fe-Ni']",Am^2/kg,139,,139,,,,,,,,,,,
340,10.1016/j.pmatsci.2020.100688,604,"['Fe-Si', 'Fe-Co', 'Fe-Ni']",Am^2/kg,179,,179,,,,,,,,,,,
341,10.1016/j.pmatsci.2020.100688,604,"['Fe-Si', 'Fe-Co', 'Fe-Ni']",Am^2/kg,191,,191,,,,,,,,,,,
342,10.1016/j.pmatsci.2020.100688,604,"['Fe-Si', 'Fe-Co', 'Fe-Ni']",Am^2/kg,199,,199,,,,,,,,,,,
343,10.1016/j.pmatsci.2020.100688,604,"['Fe-Si', 'Fe-Co', 'Fe-Ni']",Am^2/kg,151.7,,151.7,,,,,,,,,,,
344,10.1016/j.pmatsci.2020.100688,604,"['Fe-Si', 'Fe-Co', 'Fe-Ni']",Am^2/kg,162.9,,162.9,,,,,,,,,,,
345,10.1016/j.pmatsci.2020.100688,604,"['Fe-Si', 'Fe-Co', 'Fe-Ni']",Am^2/kg,152.8,,152.8,,,,,,,,,,,
346,10.1016/j.pmatsci.2020.100688,604,"['Fe-Si', 'Fe-Co', 'Fe-Ni']",Am^2/kg,165.5,,165.5,,,,,,,,,,,
347,10.1016/j.pmatsci.2020.100688,604,"['Fe-Si', 'Fe-Co', 'Fe-Ni']",Am^2/kg,140,,140,,,,,,,,,,,
348,10.1016/j.pmatsci.2020.100688,604,"['Fe-Si', 'Fe-Co', 'Fe-Ni']",Am^2/kg,140,,140,,,,,,,,,,,
349,10.1016/j.pmatsci.2020.100688,604,"['Fe-Si', 'Fe-Co', 'Fe-Ni']",Am^2/kg,140,,140,,,,,,,,,,,
350,10.1016/j.pmatsci.2020.100688,604,"['Fe-Si', 'Fe-Co', 'Fe-Ni']",Am^2/kg,140,,140,,,,,,,,,,,
351,10.1016/j.pmatsci.2020.100688,604,"['Fe-Si', 'Fe-Co', 'Fe-Ni']",Am^2/kg,104.2,,104.2,,,,,,,,,,,
352,10.1016/j.pmatsci.2020.100688,604,"['Fe-Si', 'Fe-Co', 'Fe-Ni']",Am^2/kg,103.6,,103.6,,,,,,,,,,,
353,10.1016/j.pmatsci.2020.100688,604,"['Fe-Si', 'Fe-Co', 'Fe-Ni']",Am^2/kg,102.8,,102.8,,,,,,,,,,,
354,10.1016/j.pmatsci.2020.100688,604,Fe_30Co_70,Am^2/kg,199.3,,199.3,,,,,,,,,,,
355,10.1016/j.pmatsci.2020.100688,604,Fe_40Co_60,Am^2/kg,201.7,,201.7,,,,,,,,,,,
356,10.1016/j.pmatsci.2020.100688,604,Fe_55Co_45,Am^2/kg,216.7,,216.7,,,,,,,,,,,
357,10.1016/j.pmatsci.2020.100688,604,Fe_60Co_40,Am^2/kg,223.7,,223.7,,,,,,,,,,,
358,10.1016/j.pmatsci.2020.100688,604,Fe_70Co_30,Am^2/kg,248.3,,248.3,,,,,,,,,,,
359,10.1016/j.pmatsci.2020.100688,604,Fe_30Ni_70,Am^2/kg,119.8,,119.8,,,,,,,,,,,
360,10.1016/j.pmatsci.2020.100688,604,Fe_40Ni_60,Am^2/kg,129,,129,,,,,,,,,,,
361,10.1016/j.pmatsci.2020.100688,604,Fe_55Ni_45,Am^2/kg,161.6,,161.6,,,,,,,,,,,
362,10.1016/j.pmatsci.2020.100688,604,Fe_60Ni_40,Am^2/kg,165.6,,165.6,,,,,,,,,,,
363,10.1016/j.pmatsci.2020.100688,604,Fe_70Ni_30,Am^2/kg,168.7,,168.7,,,,,,,,,,,
364,10.1016/j.jmmm.2019.166301,119,Gd_6FeBi_2,K,350,350,,,,,,,,,,,,
365,10.1016/j.jmmm.2019.166301,119,Gd_6CoTe_2,K,220,220,,,,,,,,,,,,
366,10.1016/j.jmmm.2019.166301,148,Gd_6FeBi_2,K,340,340,,,,,,,,,,,,
367,10.1016/j.jmmm.2019.166301,148,Gd_4Bi_3,K,340,340,,,,,,,,,,,,
368,10.1016/j.jmmm.2019.166301,148,Gd-Bi,K,340,340,,,,,,,,,,,,
369,10.1016/j.jmmm.2019.166301,158,Gd_4Co_3,K,213,213,,,,,,,,,,,,
370,10.1016/j.jmmm.2019.166301,158,Gd_4Co_3),K,208,208,,,,,,,,,,,,
371,10.1016/S0038-1098(00)00210-6,9,CeRu_2,K,6.1,6.1,,,,,,,,,,,,
372,10.1016/S0038-1098(00)00210-6,58,Mo_0.825Re_0.175,K,8.2,8.2,,,,,,,,,,,,
373,10.1016/S0925-8388(01)01776-5,56,Fe_5Si_3,K,363,363,,,,,,,,,,,,
374,10.1016/j.jmmm.2012.11.030,41,La_0.8Gd_0.2Fe_11.4Si_1.6B_x,K,16,16,,,,,,,,,,,,
375,10.1016/j.jmmm.2012.11.030,72,La_0.8Gd_0.2Fe_11.4Si_1.6B_x,K,1,1,,,,,,,,,,,,
376,10.1016/S0304-8853(03)00671-1,106,Nd_3CoGe_2,K,25,25,,,,,,,,,,,,
377,10.1016/j.ssc.2005.05.026,6,CeTiGe_3,K,14,14,,,,,,,,,,,,
378,10.1016/S0925-8388(02)00750-8,8,GdScGe,K,350,350,,,,,,,,,,,,
379,10.1016/S0925-8388(02)00750-8,8,(Gd_1.02Sc_0.98Ge,K,350,350,,,,,,,,,,,,
380,10.1016/S0925-8388(02)00750-8,8,Mn_5Si_3,K,350,350,,,,,,,,,,,,
381,10.1016/S0925-8388(02)00750-8,8,Gd_2.38Sc_2.62Ge_3,K,350,350,,,,,,,,,,,,
382,10.1016/S0925-8388(02)00750-8,57,Gd_5Ge_3,K,54.8,54.8,,,,,,,,,,,,
383,10.1016/S0925-8388(02)00750-8,82,GdScGe,K,0,0,,,,,,,,,,,,
384,10.1016/j.ssc.2004.07.060,5,Sr_2FeMo_1−xW_xO_6,K,381,381,,,,,,,,,,,,
385,10.1016/j.intermet.2017.11.007,52,Gd_55Co_20-xAl_24Si_1Fe_x,emu/g,2,,,,,,,,2,,,,,
386,10.1016/j.jallcom.2013.06.134,3,Mn_0.9Ti_0.1CoGe,K,-1,-1,,,,,,,,,,,,
387,10.1016/j.jallcom.2013.06.134,12,TiNiSi-,K,345,345,,,,,,,,,,,,
388,10.1016/j.jallcom.2013.06.134,12,MnCoGe,K,345,345,,,,,,,,,,,,
389,10.1016/j.jallcom.2013.06.134,12,Ni_2In-,K,345,345,,,,,,,,,,,,
390,10.1016/j.jallcom.2013.06.134,29,Mn_0.9Ti_0.1CoGe,K,178,178,,,,,,,,,,,,
391,10.1016/j.jallcom.2013.06.134,29,Mn_0.94Ti_0.06CoGe,K,280,280,,,,,,,,,,,,
392,10.1016/j.jallcom.2013.06.134,33,Mn_0.9Ti_0.1CoGe,K,8,8,,,,,,,,,,,,
393,10.1016/j.jallcom.2013.06.134,42,Mn_0.9Ti_0.1CoGe,K,280,280,,,,,,,,,,,,
394,10.1016/j.jallcom.2013.06.134,49,Mn_0.9Ti_0.1CoGe,K,5,5,,,,,,,,,,,,
395,10.1016/j.jallcom.2013.06.134,51,Ni_2In-,K,280,280,,,,,,,,,,,,
396,10.1016/j.jallcom.2013.06.134,91,MnCoGe,K,645,645,,,,,,,,,,,,
397,10.1016/j.jallcom.2013.06.134,91,MnCoGe,K,645,645,,,,,,,,,,,,
398,10.1016/j.jallcom.2013.06.134,91,Mn_0.9Ti_0.1CoGe),K,178,178,,,,,,,,,,,,
399,10.1016/j.jallcom.2013.06.134,91,MnCoGe,K,645,645,,,,,,,,,,,,
400,10.1016/j.jallcom.2013.06.134,91,Mn_0.9Ti_0.1CoGe),K,178,178,,,,,,,,,,,,
401,10.1016/S0925-8388(99)00538-1,95,(Gd–H),K,4.1,4.1,,,,,,,,,,,,
402,10.1016/S0925-8388(99)00538-1,95,(Y–C),K,4.1,4.1,,,,,,,,,,,,
403,10.1016/j.jallcom.2007.11.035,40,CeCo_4B,K,297,297,,,,,,,,,,,,
404,10.1016/j.jallcom.2007.11.035,41,CeCo_4B,K,280,280,,,,,,,,,,,,
405,10.1016/j.jallcom.2007.11.035,44,CeCo_4B,K,293,293,,,,,,,,,,,,
406,10.1016/j.jallcom.2007.11.035,51,CeCo_4B,K,291,291,,,,,,,,,,,,
407,10.1016/j.jallcom.2010.03.187,23,Ni_2,K,24,24,,,,,,,,,,,,
408,10.1016/j.jallcom.2010.03.187,23,GdNi_1.85Fe_0.15,K,1,1,,,,,,,,,,,,
409,10.1016/j.jallcom.2010.03.187,23,ErNi_1.85Fe_0.15,K,1,1,,,,,,,,,,,,
410,10.1016/j.jallcom.2010.03.187,94,YFe_2,K,2,2,,,,,,,,,,,,
411,10.1016/j.jallcom.2010.03.187,94,GdFe_2,K,2,2,,,,,,,,,,,,
412,10.1016/j.jallcom.2010.03.187,94,Fe_2,K,2,2,,,,,,,,,,,,
413,10.1016/j.jallcom.2010.03.187,94,YFe_2,K,2,2,,,,,,,,,,,,
414,10.1016/j.jallcom.2010.03.187,94,GdFe_2),K,2,2,,,,,,,,,,,,
415,10.1016/j.jallcom.2010.03.187,94,Fe_0.15Ni_1.85,K,2,2,,,,,,,,,,,,
416,10.1016/j.jmmm.2019.03.046,28,AlFe_2B_2,K,43,43,,,,,,,,,,,,
417,10.1016/j.jmmm.2019.03.046,28,AlMn_2B_2,K,43,43,,,,,,,,,,,,
418,10.1016/j.jmmm.2019.03.046,30,AlFe_2B_2,K,205,205,,,,,,,,,,,,
419,10.1016/j.jmmm.2019.03.046,100,AlFe_2B_2,K,300,300,,,,,,,,,,,,
420,10.1016/j.jmmm.2019.03.046,104,AlFeMnB_2,K,200,200,,,,,,,,,,,,
421,10.1016/j.actamat.2015.06.058,26,La_0.67(Ca_xSr_0.33−_x)Mn_1+_α,K,267,267,,,,,,,,,,,,
422,10.1016/S0925-8388(98)00723-3,94,Nd_2Pd_2In,K,3,3,,,,,,,,,,,,
423,10.1016/S0925-8388(98)00723-3,126,Dy_2Pd_2In,K,11,11,,,,,,,,,,,,
424,10.1016/S0925-8388(98)00723-3,126,Ho_2Pd_2In,K,10,10,,,,,,,,,,,,
425,10.1016/S0925-8388(98)00723-3,126,Er_2Pd_2In,K,9,9,,,,,,,,,,,,
426,10.1016/S0925-8388(98)00723-3,126,Tm_2Pd_2In,K,7,7,,,,,,,,,,,,
427,10.1016/j.jallcom.2018.03.318,2,(PM),K,222,222,,,,,,,,,,,,
428,10.1016/j.jallcom.2018.03.318,2,(FM),K,222,222,,,,,,,,,,,,
429,10.1016/j.jallcom.2018.03.318,16,Cr_5Te_8,K,180–230,180–230,,,,,,,,,,,,
430,10.1016/j.jallcom.2018.03.318,43,Cr_5Te_8,K,218,218,,,,,,,,,,,,
431,10.1016/j.jallcom.2018.03.318,43,Cr_5Te_8,K,222,222,,,,,,,,,,,,
432,10.1016/j.jallcom.2018.03.318,49,Cr_5Te_8,K,2,2,,,,,,,,,,,,
433,10.1016/S0925-8388(97)00506-9,5,YFe_4Ge_2,K,-1,-1,,,,,,,,,,,,
434,10.1016/S0925-8388(97)00506-9,5,DyFe_4Ge_2,K,-1,-1,,,,,,,,,,,,
435,10.1016/S0925-8388(97)00506-9,5,ErFe_4Ge_2,K,-1,-1,,,,,,,,,,,,
436,10.1016/S0925-8388(97)00506-9,5,LuFe_4Ge_2,K,-1,-1,,,,,,,,,,,,
437,10.1016/S0925-8388(96)03063-0,78,Fe_17,K,13,13,,,,,,,,,,,,
438,10.1016/j.jssc.2015.01.017,96,Tb_2Ni_2.35Si_0.65,kOe,140,,,,,,,,,,,,,140
439,10.1016/j.jssc.2015.01.017,115,Dy_2Ni_2.5Si_0.5,kOe,140,,,,,,,,,,,,,140
440,10.1016/0364-5916(78)90011-1,93,Tb_2Ni_2.35Si_0.65,kOe,140,,,,,,,,,,,,,140
441,10.1016/0364-5916(78)90011-1,112,Dy_2Ni_2.5Si_0.5,kOe,140,,,,,,,,,,,,,140
442,10.1016/j.jallcom.2020.155202,144,Fe_11.5Sc_0.5O_19,K,693,693,,,,,,,,,,,,
443,10.1016/j.jmmm.2006.10.1146,111,Ni_2MnGa,K,376,376,,,,,,,,,,,,
444,10.1016/j.jmmm.2016.06.034,11,CaCu_5-,K,5,5,,,,,,,,,,,,
445,10.1016/j.jmmm.2016.06.034,11,SmNi_5,K,5,5,,,,,,,,,,,,
446,10.1016/j.jmmm.2016.06.034,11,SmNi_4Si,K,5,5,,,,,,,,,,,,
447,10.1016/j.jmmm.2016.06.034,11,YNi_4B-,K,5,5,,,,,,,,,,,,
448,10.1016/j.jmmm.2016.06.034,11,SmNi_4B,K,5,5,,,,,,,,,,,,
449,10.1016/j.jmmm.2016.06.034,66,SmNi_4B,kOe,-1,,,,,,,,,,,,,-1
450,10.1016/j.jmmm.2016.06.034,83,SmNi_4B,kOe,90,,,,,,,,,,,,,90
451,10.1016/j.jmmm.2016.06.034,83,SmNi_3MnB,kOe,90,,,,,,,,,,,,,90
452,10.1016/j.jmmm.2016.06.034,83,SmNi_3FeB,kOe,90,,,,,,,,,,,,,90
453,10.1016/j.jmmm.2016.06.034,87,SmNi_3CoB,kOe,10,,,,,,,,,,,,,10
454,10.1016/j.jmmm.2016.06.034,91,SmNi_3CoB,kOe,90,,,,,,,,,,,,,90
455,10.1016/j.jmmm.2016.06.034,91,SmNi_3CoB,kOe,90,,,,,,,,,,,,,90
456,10.1016/j.jmmm.2016.06.034,92,SmNi_3CuB,kOe,0,,,,,,,,,,,,,0
457,10.1016/S0304-8853(99)00429-1,20,(BCC),K,1044,1044,,,,,,,,,,,,
458,10.1016/S0304-8853(99)00429-1,35,Nd_2Fe_14B,K,585,585,,,,,,,,,,,,
459,10.1016/S0304-8853(99)00429-1,158,γFe_4N,K,767,767,,,,,,,,,,,,
460,10.1016/S0304-8853(99)00429-1,193,Nd_2Fe_14B,K,60,60,,,,,,,,,,,,
461,10.1016/S0304-8853(99)00429-1,207,Sm_2Fe_17N_3−,K,3,3,,,,,,,,,,,,
462,10.1016/S0304-8853(99)00429-1,242,(Sm_0.7Nd_0.3)_2(Fe_0.8Co_0.2)_17N_3−,K,835,835,,,,,,,,,,,,
463,10.1016/S0304-8853(99)00429-1,243,Nd_2Fe_14B,K,150,150,,,,,,,,,,,,
464,10.1016/S0304-8853(99)00429-1,345,(BH)_,K,760,760,,,,,,,,,,,,
465,10.1016/S0304-8853(99)00429-1,363,Fe_17N_x,K,740,740,,,,,,,,,,,,
466,10.1016/S0304-8853(99)00429-1,363,Sm(Fe_11Ti)N_y,K,740,740,,,,,,,,,,,,
467,10.1016/j.jallcom.2018.09.339,24,(Zn_2,emu/g,13,,,,,,,,13,,,,,
468,10.1016/j.jallcom.2018.09.339,25,Cu_2,°C,4,,,4,,,,,,,,,,
469,10.1016/j.jallcom.2018.09.339,25,Cu_2,°C,4,,,4,,,,,,,,,,
470,10.1016/j.jallcom.2018.09.339,25,Cu_2,emu/g,46.8,,,,,,,,46.8,,,,,
471,10.1016/j.jallcom.2018.09.339,25,Cu_2,emu/g,46.8,,,,,,,,46.8,,,,,
472,10.1016/j.jallcom.2018.09.339,197,[],emu/g,58.8,,,,,,,,58.8,,,,,
473,10.1016/j.jallcom.2018.09.339,197,[],emu/g,22.3,,,,,,,,22.3,,,,,
474,10.1016/j.jallcom.2018.09.339,197,[],emu/g,54.7,,,,,,,,54.7,,,,,
475,10.1016/j.jallcom.2018.09.339,197,[],emu/g,26.2,,,,,,,,26.2,,,,,
476,10.1016/j.jallcom.2018.09.339,197,[],emu/g,50.7,,,,,,,,50.7,,,,,
477,10.1016/j.jallcom.2018.09.339,197,[],emu/g,35.1,,,,,,,,35.1,,,,,
478,10.1016/j.jallcom.2018.09.339,197,[],emu/g,46.5,,,,,,,,46.5,,,,,
479,10.1016/j.jallcom.2018.09.339,197,[],emu/g,21.2,,,,,,,,21.2,,,,,
480,10.1016/j.jallcom.2018.09.339,197,[],emu/g,38.6,,,,,,,,38.6,,,,,
481,10.1016/j.jallcom.2018.09.339,197,[],emu/g,39.7,,,,,,,,39.7,,,,,
482,10.1016/S0925-8388(03)00688-1,102,SrRuO_3,K,7.9,7.9,,,,,,,,,,,,
483,10.1016/j.jallcom.2018.03.318,2,(PM),K,222,222,,,,,,,,,,,,
484,10.1016/j.jallcom.2018.03.318,2,(FM),K,222,222,,,,,,,,,,,,
485,10.1016/j.jallcom.2018.03.318,16,Cr_5Te_8,K,180–230,180–230,,,,,,,,,,,,
486,10.1016/j.jallcom.2018.03.318,43,Cr_5Te_8,K,218,218,,,,,,,,,,,,
487,10.1016/j.jallcom.2018.03.318,43,Cr_5Te_8,K,222,222,,,,,,,,,,,,
488,10.1016/j.jallcom.2018.03.318,49,Cr_5Te_8,K,2,2,,,,,,,,,,,,
489,10.1016/j.jallcom.2018.01.092,205,O_46,emu/g,115,,,,,,,,115,,,,,
490,10.1016/j.jallcom.2018.01.092,296,['Zn_2-xMg_xFe_28O_46'],Oe,1,,,,,,,,,,,1,,
491,10.1016/j.jallcom.2018.01.092,296,['Zn_2-xMg_xFe_28O_46'],Oe,57.91,,,,,,,,,,,57.91,,
492,10.1016/j.jallcom.2018.01.092,296,['Zn_2-xMg_xFe_28O_46'],Oe,0.36,,,,,,,,,,,0.36,,
493,10.1016/j.jallcom.2018.01.092,296,['Zn_2-xMg_xFe_28O_46'],Oe,2,,,,,,,,,,,2,,
494,10.1016/j.jallcom.2018.01.092,296,['Zn_2-xMg_xFe_28O_46'],Oe,51.09,,,,,,,,,,,51.09,,
495,10.1016/j.jallcom.2018.01.092,296,['Zn_2-xMg_xFe_28O_46'],Oe,0.40,,,,,,,,,,,0.40,,
496,10.1016/j.jallcom.2018.01.092,296,['Zn_2-xMg_xFe_28O_46'],Oe,3,,,,,,,,,,,3,,
497,10.1016/j.jallcom.2018.01.092,296,['Zn_2-xMg_xFe_28O_46'],Oe,51.59,,,,,,,,,,,51.59,,
498,10.1016/j.jallcom.2018.01.092,296,['Zn_2-xMg_xFe_28O_46'],Oe,0.47,,,,,,,,,,,0.47,,
499,10.1016/j.jallcom.2018.01.092,296,['Zn_2-xMg_xFe_28O_46'],Oe,4,,,,,,,,,,,4,,
500,10.1016/j.jallcom.2018.01.092,296,['Zn_2-xMg_xFe_28O_46'],Oe,51.44,,,,,,,,,,,51.44,,
501,10.1016/j.jallcom.2018.01.092,296,['Zn_2-xMg_xFe_28O_46'],Oe,0.37,,,,,,,,,,,0.37,,
502,10.1016/j.jallcom.2018.01.092,296,['Zn_2-xMg_xFe_28O_46'],Oe,5,,,,,,,,,,,5,,
503,10.1016/j.jallcom.2018.01.092,296,['Zn_2-xMg_xFe_28O_46'],Oe,55.29,,,,,,,,,,,55.29,,
504,10.1016/j.jallcom.2018.01.092,296,['Zn_2-xMg_xFe_28O_46'],Oe,0.46,,,,,,,,,,,0.46,,
505,10.1016/j.jallcom.2018.01.092,296,['Zn_2-xMg_xFe_28O_46'],Oe,6,,,,,,,,,,,6,,
506,10.1016/j.jallcom.2018.01.092,296,['Zn_2-xMg_xFe_28O_46'],Oe,63.29,,,,,,,,,,,63.29,,
507,10.1016/j.jallcom.2018.01.092,296,['Zn_2-xMg_xFe_28O_46'],Oe,0.48,,,,,,,,,,,0.48,,
508,10.1016/0370-1573(78)90012-1,216,O_46,emu/g,115,,,,,,,,115,,,,,
509,10.1016/S1470-1804(98)80028-X,216,O_46,emu/g,115,,,,,,,,115,,,,,
510,10.1016/S0022-3093(01)00630-5,173,(α-Fe),K,1183,1183,,,,,,,,,,,,
511,10.1016/S0022-3093(01)00630-5,174,(γ-Fe),K,1663,1663,,,,,,,,,,,,
512,10.1016/j.matlet.2020.127864,63,Mn_53Al_45C_2,emu/g,75,,,,,,,,75,,,,,
513,10.1016/j.ceramint.2022.06.250,44,(MPM,Oe,5,,,,,,,,,,,5,,
514,10.1016/j.ceramint.2022.06.250,176,[],emu/g,1093,,,,,,,,1093,,,,,
515,10.1016/j.ceramint.2022.06.250,176,[],emu/g,229.2,,,,,,,,229.2,,,,,
516,10.1016/j.ceramint.2022.06.250,176,[],emu/g,10,,,,,,,,10,,,,,
517,10.1016/j.ceramint.2022.06.250,176,[],emu/g,1123,,,,,,,,1123,,,,,
518,10.1016/j.ceramint.2022.06.250,176,[],emu/g,226.7,,,,,,,,226.7,,,,,
519,10.1016/j.ceramint.2022.06.250,176,[],emu/g,10,,,,,,,,10,,,,,
520,10.1016/j.ceramint.2022.06.250,176,[],emu/g,1153,,,,,,,,1153,,,,,
521,10.1016/j.ceramint.2022.06.250,176,[],emu/g,245.5,,,,,,,,245.5,,,,,
522,10.1016/j.ceramint.2022.06.250,176,[],emu/g,10,,,,,,,,10,,,,,
523,10.1016/j.ceramint.2022.06.250,176,[],emu/g,1183,,,,,,,,1183,,,,,
524,10.1016/j.ceramint.2022.06.250,176,[],emu/g,241.2,,,,,,,,241.2,,,,,
525,10.1016/j.ceramint.2022.06.250,176,[],emu/g,10,,,,,,,,10,,,,,
526,10.1016/j.ceramint.2022.06.250,176,[],emu/g,1213,,,,,,,,1213,,,,,
527,10.1016/j.ceramint.2022.06.250,176,[],emu/g,220.6,,,,,,,,220.6,,,,,
528,10.1016/j.ceramint.2022.06.250,176,[],emu/g,10,,,,,,,,10,,,,,
529,10.1016/j.ceramint.2022.06.250,176,[],emu/g,1243,,,,,,,,1243,,,,,
530,10.1016/j.ceramint.2022.06.250,176,[],emu/g,209.2,,,,,,,,209.2,,,,,
531,10.1016/j.ceramint.2022.06.250,176,[],emu/g,10,,,,,,,,10,,,,,
532,10.1016/j.ceramint.2022.06.250,176,[],emu/g,1273,,,,,,,,1273,,,,,
533,10.1016/j.ceramint.2022.06.250,176,[],emu/g,217.4,,,,,,,,217.4,,,,,
534,10.1016/j.ceramint.2022.06.250,176,[],emu/g,10,,,,,,,,10,,,,,
535,10.1016/j.ceramint.2022.06.250,176,[],emu/g,1303,,,,,,,,1303,,,,,
536,10.1016/j.ceramint.2022.06.250,176,[],emu/g,208.6,,,,,,,,208.6,,,,,
537,10.1016/j.ceramint.2022.06.250,176,[],emu/g,10,,,,,,,,10,,,,,
538,10.1016/j.jallcom.2017.04.263,24,Ni_3Fe,°C,575,,,575,,,,,,,,,,
539,10.1016/j.jmmm.2008.03.003,40,CoMnGe,K,10,10,,,,,,,,,,,,
540,10.1016/0304-8853(94)01689-5,38,CoMnGe,K,10,10,,,,,,,,,,,,
541,10.1016/0304-8853(83)90511-5,38,CoMnGe,K,10,10,,,,,,,,,,,,
542,10.1016/j.jmmm.2020.166630,124,Co_23B_6,°C,3,,,3,,,,,,,,,,
543,10.1016/j.jmmm.2020.166630,129,Co_23B_6,°C,6,,,6,,,,,,,,,,
544,10.1016/S0304-8853(01)01050-2,76,['Co_20Cu_80'],emu/g,158,,,,,,,,158,,,,,
545,10.1016/S0304-8853(01)01050-2,76,['Co_20Cu_80'],emu/g,153,,,,,,,,153,,,,,
546,10.1016/S0304-8853(01)01050-2,76,['Co_20Cu_80'],emu/g,141.5,,,,,,,,141.5,,,,,
547,10.1016/S0304-8853(01)01050-2,76,['Co_20Cu_80'],emu/g,124.4,,,,,,,,124.4,,,,,
548,10.1016/j.jmmm.2005.01.052,112,FeSi,mT,1,,,,,1,,,,,,,,
549,10.1016/j.jmmm.2020.166978,15,Fe-Co,°C,980,,,980,,,,,,,,,,
550,10.1016/j.jmmm.2020.166978,80,Fe_49-Co_49-V_2,A/m,5000,,,,,,,,,5000,,,,
551,10.1016/j.jallcom.2015.04.179,26,(Fe_0.75Co_0.25)_2B,Am^2/kg,148,,148,,,,,,,,,,,
552,10.1016/j.jallcom.2015.04.179,111,",(Fe_0.7Co_0.3)_71B_29",kA/m,1200,,,,1200,,,,,,,,,
553,10.1016/j.jallcom.2015.04.179,111,",(Fe_0.7Co_0.3)_71B_29",kA/m,1.28,,,,1.28,,,,,,,,,
554,10.1016/j.jallcom.2015.04.179,111,",(Fe_0.7Co_0.3)_71B_29",kA/m,1.74,,,,1.74,,,,,,,,,
555,10.1016/j.jallcom.2015.04.179,111,",(Fe_0.7Co_0.3)_71B_29",kA/m,1500,,,,1500,,,,,,,,,
556,10.1016/j.jallcom.2015.04.179,111,",(Fe_0.7Co_0.3)_71B_29",kA/m,1.44,,,,1.44,,,,,,,,,
557,10.1016/j.jallcom.2015.04.179,111,",(Fe_0.7Co_0.3)_71B_29",kA/m,1.68,,,,1.68,,,,,,,,,
558,10.1016/j.jallcom.2015.04.179,111,",(Fe_0.7Co_0.3)_71B_29",kA/m,1700,,,,1700,,,,,,,,,
559,10.1016/j.jallcom.2015.04.179,111,",(Fe_0.7Co_0.3)_71B_29",kA/m,1.60,,,,1.60,,,,,,,,,
560,10.1016/j.jallcom.2015.04.179,111,",Fe_71B_29",kA/m,2,,,,2,,,,,,,,,
561,10.1016/j.jallcom.2015.04.179,111,",Fe_71B_29",kA/m,1.29,,,,1.29,,,,,,,,,
562,10.1016/j.jallcom.2015.04.179,111,",Co_71B_29",kA/m,3,,,,3,,,,,,,,,
563,10.1016/j.jallcom.2015.04.179,111,",Co_71B_29",kA/m,1.20,,,,1.20,,,,,,,,,
564,10.1016/j.jallcom.2015.04.179,111,",(Fe_0.8Co_0.2)_71B_29",kA/m,6,,,,6,,,,,,,,,
565,10.1016/j.jallcom.2015.04.179,111,",(Fe_0.8Co_0.2)_71B_29",kA/m,1.87,,,,1.87,,,,,,,,,
566,10.1016/j.jallcom.2015.04.179,111,",(Fe_0.9Co_0.1)_71B_29",kA/m,7,,,,7,,,,,,,,,
567,10.1016/j.jallcom.2015.04.179,111,",(Fe_0.9Co_0.1)_71B_29",kA/m,1.61,,,,1.61,,,,,,,,,
568,10.1016/j.jallcom.2015.04.179,111,",(Fe_0.7Co_0.3)_71B_29",kA/m,1.41,,,,1.41,,,,,,,,,
569,10.1016/j.jallcom.2015.04.179,111,",(Fe_0.7Co_0.3)_71B_29",kA/m,2100,,,,2100,,,,,,,,,
570,10.1016/j.jallcom.2015.04.179,111,",(Fe_0.7Co_0.3)_71B_29",kA/m,0.94,,,,0.94,,,,,,,,,
571,10.1016/j.jallcom.2015.04.179,111,",(Fe_0.7Co_0.3)_71B_29",kA/m,1.14,,,,1.14,,,,,,,,,
572,10.1016/j.jallcom.2015.04.179,111,",(Fe_0.7Co_0.3)_71B_29",kA/m,2400,,,,2400,,,,,,,,,
573,10.1016/j.jallcom.2015.04.179,111,",(Fe_0.7Co_0.3)_71B_29",kA/m,1.82,,,,1.82,,,,,,,,,
574,10.1016/j.jallcom.2015.04.179,111,",(Fe_0.7Co_0.3)_71B_29",kA/m,1.44,,,,1.44,,,,,,,,,
575,10.1016/j.mseb.2017.09.009,131,α-(Fe_75Pd_25),emu/cm^3,1448,,,,,,,1448,,,,,,
576,10.1016/j.mseb.2017.09.009,131,α-(Fe_80Pd_20),emu/cm^3,1448,,,,,,,1448,,,,,,
577,10.1016/j.mseb.2017.09.009,131,γ_1-(Fe_50Pd_50),emu/cm^3,1448,,,,,,,1448,,,,,,
578,10.1016/j.mseb.2017.09.009,131,α-(Fe_80Pd_20),emu/cm^3,1448,,,,,,,1448,,,,,,
579,10.1016/j.mseb.2017.09.009,131,α-(Fe_75Pd_25),emu/cm^3,1448,,,,,,,1448,,,,,,
580,10.1016/j.mseb.2017.09.009,131,γ_1-(Fe_50Pd_50),emu/cm^3,1448,,,,,,,1448,,,,,,
581,10.1016/j.mseb.2017.09.009,131,γ_2-(Fe_25Pd_75),emu/cm^3,1448,,,,,,,1448,,,,,,
582,10.1016/j.mseb.2017.09.009,131,Fe_64Pd_36,emu/cm^3,1448,,,,,,,1448,,,,,,
583,10.1016/j.mseb.2017.09.009,132,γ_1-(Fe_50Pd_50),emu/cm^3,3,,,,,,,3,,,,,,
584,10.1016/j.mseb.2017.09.009,135,FePd,emu/cm^3,1106,,,,,,,1106,,,,,,
585,10.1016/j.jnoncrysol.2013.08.009,90,Gd_55Co_20Fe_5Al_20−xSi_x,emu/g,4,,,,,,,,4,,,,,
586,10.1016/j.jallcom.2016.11.330,8,Fe-B-Si-Cu,A/m,10,,,,,,,,,10,,,,
587,10.1016/j.jallcom.2016.11.330,8,Fe-Si-B-P-Cu,A/m,10,,,,,,,,,10,,,,
588,10.1016/j.jallcom.2016.11.330,96,Fe-B-(Si)-Cu,K,748,748,,,,,,,,,,,,
589,10.1016/0304-8853(94)90118-X,4,Fe-B-Si-Cu,A/m,10,,,,,,,,,10,,,,
590,10.1016/0304-8853(94)90118-X,4,Fe-Si-B-P-Cu,A/m,10,,,,,,,,,10,,,,
591,10.1016/0304-8853(94)90118-X,92,Fe-B-(Si)-Cu,K,748,748,,,,,,,,,,,,
592,10.1016/j.jallcom.2021.160819,173,[],emu/g,63.3,,,,,,,,63.3,,,,,
593,10.1016/j.jallcom.2021.160819,173,[],emu/g,32.8,,,,,,,,32.8,,,,,
594,10.1016/j.jallcom.2021.160819,173,[],emu/g,28.9,,,,,,,,28.9,,,,,
595,10.1016/j.jallcom.2021.160819,173,[],emu/g,63.3,,,,,,,,63.3,,,,,
596,10.1016/j.jnoncrysol.2017.05.037,3,(Fe_0.402Co_0.201Ni_0.067B_0.227Si_0.053Nb_0.05)_100−xCu_x,K,5,5,,,,,,,,,,,,
597,10.1016/S0022-3093(98)00849-7,150,FeZrB,kOe,8,,,,,,,,,,,,,8
598,10.1016/S0965-9773(99)00368-2,69,Fe_65Ni_35,K,2,2,,,,,,,,,,,,
599,10.1016/j.jmmm.2011.03.010,196,CoFe_2O_4,emu/g,4,,,,,,,,4,,,,,
600,10.1016/j.jmmm.2011.03.010,196,CoFe_2O_4,emu/g,2.97,,,,,,,,2.97,,,,,
601,10.1016/j.jmmm.2011.03.010,196,CoFe_1.9Al_0.1O_4,emu/g,4,,,,,,,,4,,,,,
602,10.1016/j.jmmm.2011.03.010,196,CoFe_1.9Al_0.1O_4,emu/g,2.61,,,,,,,,2.61,,,,,
603,10.1016/j.jmmm.2011.03.010,196,CoFe_1.8Al_0.2O_4,emu/g,4,,,,,,,,4,,,,,
604,10.1016/j.jmmm.2011.03.010,196,CoFe_1.8Al_0.2O_4,emu/g,1.96,,,,,,,,1.96,,,,,
605,10.1016/j.jmmm.2011.03.010,196,CoFe_1.7Al_0.3O_4,emu/g,4,,,,,,,,4,,,,,
606,10.1016/j.jmmm.2011.03.010,196,CoFe_1.7Al_0.3O_4,emu/g,0.92,,,,,,,,0.92,,,,,
607,10.1016/j.jmmm.2011.03.010,196,CoFe_1.6Al_0.4O_4,emu/g,4,,,,,,,,4,,,,,
608,10.1016/j.jmmm.2011.03.010,196,CoFe_1.6Al_0.4O_4,emu/g,0.38,,,,,,,,0.38,,,,,
609,10.1016/j.jmmm.2011.03.010,197,CoFe_2O_4,emu/g,4,,,,,,,,4,,,,,
610,10.1016/j.jmmm.2011.03.010,197,CoFe_2O_4,emu/g,50.21,,,,,,,,50.21,,,,,
611,10.1016/j.jmmm.2011.03.010,197,CoFe_1.9Al_0.1O_4,emu/g,4,,,,,,,,4,,,,,
612,10.1016/j.jmmm.2011.03.010,197,CoFe_1.9Al_0.1O_4,emu/g,49.40,,,,,,,,49.40,,,,,
613,10.1016/j.jmmm.2011.03.010,197,CoFe_1.8Al_0.2O_4,emu/g,4,,,,,,,,4,,,,,
614,10.1016/j.jmmm.2011.03.010,197,CoFe_1.8Al_0.2O_4,emu/g,47.06,,,,,,,,47.06,,,,,
615,10.1016/j.jmmm.2011.03.010,197,CoFe_1.7Al_0.3O_4,emu/g,4,,,,,,,,4,,,,,
616,10.1016/j.jmmm.2011.03.010,197,CoFe_1.7Al_0.3O_4,emu/g,37.96,,,,,,,,37.96,,,,,
617,10.1016/j.jmmm.2011.03.010,197,CoFe_1.6Al_0.4O_4,emu/g,4,,,,,,,,4,,,,,
618,10.1016/j.jmmm.2011.03.010,197,CoFe_1.6Al_0.4O_4,emu/g,34.31,,,,,,,,34.31,,,,,
